コード,銘柄名,業種
2121.T,ＭＩＸＩ,情報・通信業
2307.T,クロスキャット,情報・通信業
2317.T,システナ,情報・通信業
2326.T,デジタルアーツ,情報・通信業
2327.T,日鉄ソリューションズ,情報・通信業
2335.T,キューブシステム,情報・通信業
2359.T,コア,情報・通信業
2432.T,ディー・エヌ・エー,情報・通信業
2930.T,北の達人コーポレーション,化学
3031.T,ラクーンホールディングス,情報・通信業
3040.T,ソリトンシステムズ,情報・通信業
3101.T,東洋紡,化学
3105.T,日清紡ホールディングス,電気機器
3371.T,ソフトクリエイトホールディングス,情報・通信業
3405.T,クラレ,化学
3407.T,旭化成,化学
3626.T,ＴＩＳ,情報・通信業
3632.T,グリーホールディングス,情報・通信業
3635.T,コーエーテクモホールディングス,情報・通信業
3636.T,三菱総合研究所,情報・通信業
3649.T,ファインデックス,情報・通信業
3656.T,ＫＬａｂ,情報・通信業
3657.T,ポールトゥウィンホールディングス,情報・通信業
3659.T,ネクソン,情報・通信業
3660.T,アイスタイル,情報・通信業
3661.T,エムアップホールディングス,情報・通信業
3662.T,エイチームホールディングス,情報・通信業
3663.T,セルシス,情報・通信業
3665.T,エニグモ,情報・通信業
3668.T,コロプラ,情報・通信業
3673.T,ブロードリーフ,情報・通信業
3676.T,デジタルハーツホールディングス,情報・通信業
3678.T,メディアドゥ,情報・通信業
3679.T,じげん,情報・通信業
3681.T,ブイキューブ,情報・通信業
3687.T,フィックスターズ,情報・通信業
3694.T,オプティム,情報・通信業
3696.T,セレス,情報・通信業
3697.T,ＳＨＩＦＴ,情報・通信業
3741.T,セック,情報・通信業
3762.T,テクマトリックス,情報・通信業
3763.T,プロシップ,情報・通信業
3765.T,ガンホー・オンライン・エンターテイメント,情報・通信業
3769.T,ＧＭＯペイメントゲートウェイ,情報・通信業
3771.T,システムリサーチ,情報・通信業
3774.T,インターネットイニシアティブ,情報・通信業
3778.T,さくらインターネット,情報・通信業
3788.T,ＧＭＯグローバルサイン・ホールディングス,情報・通信業
3817.T,ＳＲＡホールディングス,情報・通信業
3834.T,朝日ネット,情報・通信業
3835.T,ｅＢＡＳＥ,情報・通信業
3836.T,アバントグループ,情報・通信業
3837.T,アドソル日進,情報・通信業
3843.T,フリービット,情報・通信業
3844.T,コムチュア,情報・通信業
3853.T,アステリア,情報・通信業
3854.T,アイル,情報・通信業
3901.T,マークラインズ,情報・通信業
3902.T,メディカル・データ・ビジョン,情報・通信業
3903.T,ｇｕｍｉ,情報・通信業
3915.T,テラスカイ,情報・通信業
3916.T,デジタル・インフォメーション・テクノロジー,情報・通信業
3921.T,ネオジャパン,情報・通信業
3922.T,ＰＲ　ＴＩＭＥＳ,情報・通信業
3923.T,ラクス,情報・通信業
3925.T,ダブルスタンダード,情報・通信業
3932.T,アカツキ,情報・通信業
3939.T,カナミックネットワーク,情報・通信業
3962.T,チェンジホールディングス,情報・通信業
3963.T,シンクロ・フード,情報・通信業
3964.T,オークネット,情報・通信業
3968.T,セグエグループ,情報・通信業
3983.T,オロ,情報・通信業
3984.T,ユーザーローカル,情報・通信業
3992.T,ニーズウェル,情報・通信業
3993.T,ＰＫＳＨＡ　Ｔｅｃｈｎｏｌｏｇｙ,情報・通信業
3994.T,マネーフォワード,情報・通信業
4004.T,レゾナック・ホールディングス,化学
4005.T,住友化学,化学
4008.T,住友精化,化学
4021.T,日産化学,化学
4022.T,ラサ工業,化学
4023.T,クレハ,化学
4025.T,多木化学,化学
4027.T,テイカ,化学
4028.T,石原産業,化学
4041.T,日本曹達,化学
4042.T,東ソー,化学
4043.T,トクヤマ,化学
4044.T,セントラル硝子,化学
4045.T,東亞合成,化学
4046.T,大阪ソーダ,化学
4047.T,関東電化工業,化学
4051.T,ＧＭＯフィナンシャルゲート,情報・通信業
4053.T,Ｓｕｎ　Ａｓｔｅｒｉｓｋ,情報・通信業
4061.T,デンカ,化学
4062.T,イビデン,電気機器
4063.T,信越化学工業,化学
4064.T,日本カーバイド工業,化学
4071.T,プラスアルファ・コンサルティング,情報・通信業
4072.T,電算システムホールディングス,情報・通信業
4078.T,堺化学工業,化学
4082.T,第一稀元素化学工業,化学
4088.T,エア・ウォーター,化学
4091.T,日本酸素ホールディングス,化学
4092.T,日本化学工業,化学
4095.T,日本パーカライジング,化学
4097.T,高圧ガス工業,化学
4099.T,四国化成ホールディングス,化学
4109.T,ステラ　ケミファ,化学
4112.T,保土谷化学工業,化学
4114.T,日本触媒,化学
4116.T,大日精化工業,化学
4118.T,カネカ,化学
4180.T,Ａｐｐｉｅｒ　Ｇｒｏｕｐ,情報・通信業
4182.T,三菱瓦斯化学,化学
4183.T,三井化学,化学
4186.T,東京応化工業,化学
4187.T,大阪有機化学工業,化学
4188.T,三菱ケミカルグループ,化学
4189.T,ＫＨネオケム,化学
4194.T,ビジョナル,情報・通信業
4202.T,ダイセル,化学
4203.T,住友ベークライト,化学
4204.T,積水化学工業,化学
4205.T,日本ゼオン,化学
4206.T,アイカ工業,化学
4208.T,ＵＢＥ,化学
4212.T,積水樹脂,化学
4216.T,旭有機材,化学
4218.T,ニチバン,化学
4220.T,リケンテクノス,化学
4221.T,大倉工業,化学
4228.T,積水化成品工業,化学
4229.T,群栄化学工業,化学
4246.T,ダイキョーニシカワ,化学
4249.T,森六,化学
4251.T,恵和,化学
4272.T,日本化薬,化学
4275.T,カーリット,化学
4307.T,野村総合研究所,情報・通信業
4323.T,日本システム技術,情報・通信業
4326.T,インテージホールディングス,情報・通信業
4344.T,ソースネクスト,情報・通信業
4362.T,日本精化,化学
4368.T,扶桑化学工業,化学
4369.T,トリケミカル研究所,化学
4373.T,シンプレクス・ホールディングス,情報・通信業
4384.T,ラクスル,情報・通信業
4385.T,メルカリ,情報・通信業
4390.T,ＩＰＳ,情報・通信業
4392.T,ＦＩＧ,情報・通信業
4396.T,システムサポートホールディングス,情報・通信業
4401.T,ＡＤＥＫＡ,化学
4403.T,日油,化学
4410.T,ハリマ化成グループ,化学
4413.T,ボードルア,情報・通信業
4432.T,ウイングアーク１ｓｔ,情報・通信業
4433.T,ヒト・コミュニケーションズ・ホールディングス,情報・通信業
4443.T,Ｓａｎｓａｎ,情報・通信業
4446.T,Ｌｉｎｋ－Ｕグループ,情報・通信業
4449.T,ギフティ,情報・通信業
4452.T,花王,化学
4461.T,第一工業製薬,化学
4462.T,石原ケミカル,化学
4471.T,三洋化成工業,化学
4480.T,メドレー,情報・通信業
4481.T,ベース,情報・通信業
4483.T,ＪＭＤＣ,情報・通信業
4543.T,テルモ,精密機器
4611.T,大日本塗料,化学
4612.T,日本ペイントホールディングス,化学
4613.T,関西ペイント,化学
4617.T,中国塗料,化学
4626.T,太陽ホールディングス,化学
4631.T,ＤＩＣ,化学
4633.T,サカタインクス,化学
4634.T,ａｒｔｉｅｎｃｅ,化学
4662.T,フォーカスシステムズ,情報・通信業
4674.T,クレスコ,情報・通信業
4676.T,フジ・メディア・ホールディングス,情報・通信業
4684.T,オービック,情報・通信業
4686.T,ジャストシステム,情報・通信業
4687.T,ＴＤＣソフト,情報・通信業
4689.T,ＬＩＮＥヤフー,情報・通信業
4704.T,トレンドマイクロ,情報・通信業
4709.T,ＩＤホールディングス,情報・通信業
4719.T,アルファシステムズ,情報・通信業
4722.T,フューチャー,情報・通信業
4725.T,ＣＡＣ　Ｈｏｌｄｉｎｇｓ,情報・通信業
4733.T,オービックビジネスコンサルタント,情報・通信業
4743.T,アイティフォー,情報・通信業
4768.T,大塚商会,情報・通信業
4776.T,サイボウズ,情報・通信業
4812.T,電通総研,情報・通信業
4813.T,ＡＣＣＥＳＳ,情報・通信業
4819.T,デジタルガレージ,情報・通信業
4820.T,イーエムシステムズ,情報・通信業
4825.T,ウェザーニューズ,情報・通信業
4826.T,ＣＩＪ,情報・通信業
4828.T,ビジネスエンジニアリング,情報・通信業
4839.T,ＷＯＷＯＷ,情報・通信業
4845.T,スカラ,情報・通信業
4847.T,インテリジェント　ウェイブ,情報・通信業
4901.T,富士フイルムホールディングス,化学
4902.T,コニカミノルタ,電気機器
4911.T,資生堂,化学
4912.T,ライオン,化学
4914.T,高砂香料工業,化学
4917.T,マンダム,化学
4919.T,ミルボン,化学
4922.T,コーセーホールディングス,化学
4923.T,コタ,化学
4927.T,ポーラ・オルビスホールディングス,化学
4928.T,ノエビアホールディングス,化学
4931.T,新日本製薬,化学
4933.T,Ｉ－ｎｅ,化学
4951.T,エステー,化学
4956.T,コニシ,化学
4958.T,長谷川香料,化学
4967.T,小林製薬,化学
4968.T,荒川化学工業,化学
4971.T,メック,化学
4973.T,日本高純度化学,化学
4974.T,タカラバイオ,化学
4975.T,ＪＣＵ,化学
4980.T,デクセリアルズ,化学
4985.T,アース製薬,化学
4996.T,クミアイ化学工業,化学
4997.T,日本農薬,化学
5032.T,ＡＮＹＣＯＬＯＲ,情報・通信業
5036.T,日本ビジネスシステムズ,情報・通信業
5142.T,アキレス,化学
5208.T,有沢製作所,化学
5631.T,日本製鋼所,機械
6005.T,三浦工業,機械
6013.T,タクマ,機械
6101.T,ツガミ,機械
6103.T,オークマ,機械
6104.T,芝浦機械,機械
6113.T,アマダ,機械
6118.T,アイダエンジニアリング,機械
6134.T,ＦＵＪＩ,機械
6135.T,牧野フライス製作所,機械
6136.T,オーエスジー,機械
6140.T,旭ダイヤモンド工業,機械
6141.T,ＤＭＧ森精機,機械
6143.T,ソディック,機械
6146.T,ディスコ,機械
6151.T,日東工器,機械
6167.T,冨士ダイス,機械
6209.T,リケンＮＰＲ,機械
6222.T,島精機製作所,機械
6235.T,オプトラン,機械
6237.T,イワキポンプ,機械
6238.T,フリュー,機械
6240.T,ヤマシンフィルタ,機械
6247.T,日阪製作所,機械
6250.T,やまびこ,機械
6254.T,野村マイクロ・サイエンス,機械
6258.T,平田機工,機械
6264.T,マルマエ,機械
6266.T,タツモ,機械
6268.T,ナブテスコ,機械
6269.T,三井海洋開発,機械
6272.T,レオン自動機,機械
6273.T,ＳＭＣ,機械
6277.T,ホソカワミクロン,機械
6278.T,ユニオンツール,機械
6279.T,瑞光,機械
6282.T,オイレス工業,機械
6284.T,日精エー・エス・ビー機械,機械
6287.T,サトー,機械
6289.T,技研製作所,機械
6294.T,オカダアイヨン,機械
6298.T,ワイエイシイホールディングス,機械
6301.T,小松製作所,機械
6302.T,住友重機械工業,機械
6305.T,日立建機,機械
6306.T,日工,機械
6309.T,巴工業,機械
6310.T,井関農機,機械
6315.T,ＴＯＷＡ,機械
6323.T,ローツェ,機械
6324.T,ハーモニック・ドライブ・システムズ,機械
6326.T,クボタ,機械
6328.T,荏原実業,機械
6331.T,三菱化工機,機械
6332.T,月島ホールディングス,機械
6333.T,帝国電機製作所,機械
6339.T,新東工業,機械
6340.T,澁谷工業,機械
6345.T,アイチ　コーポレーション,機械
6349.T,小森コーポレーション,機械
6351.T,鶴見製作所,機械
6358.T,酒井重工業,機械
6361.T,荏原製作所,機械
6363.T,酉島製作所,機械
6364.T,ＡＩＲＭＡＮ,機械
6367.T,ダイキン工業,機械
6368.T,オルガノ,機械
6369.T,トーヨーカネツ,機械
6370.T,栗田工業,機械
6371.T,椿本チエイン,機械
6376.T,日機装,精密機器
6381.T,アネスト岩田,機械
6383.T,ダイフク,機械
6387.T,サムコ,機械
6390.T,加藤製作所,機械
6395.T,タダノ,機械
6407.T,ＣＫＤ,機械
6412.T,平和,機械
6413.T,理想科学工業,機械
6417.T,ＳＡＮＫＹＯ,機械
6418.T,日本金銭機械,機械
6419.T,マースグループホールディングス,機械
6420.T,ガリレイ,機械
6430.T,ダイコク電機,機械
6432.T,竹内製作所,機械
6436.T,アマノ,機械
6440.T,ＪＵＫＩ,機械
6445.T,ジャノメ,機械
6448.T,ブラザー工業,電気機器
6454.T,マックス,機械
6457.T,グローリー,機械
6458.T,新晃工業,機械
6459.T,大和冷機工業,機械
6460.T,セガサミーホールディングス,機械
6463.T,ＴＰＲ,機械
6464.T,ツバキ・ナカシマ,機械
6465.T,ホシザキ,機械
6471.T,日本精工,機械
6472.T,ＮＴＮ,機械
6473.T,ジェイテクト,機械
6474.T,不二越,機械
6479.T,ミネベアミツミ,電気機器
6480.T,日本トムソン,機械
6481.T,ＴＨＫ,機械
6486.T,イーグル工業,機械
6490.T,ＰＩＬＬＡＲ,機械
6498.T,キッツ,機械
6501.T,日立製作所,電気機器
6503.T,三菱電機,電気機器
6504.T,富士電機,電気機器
6506.T,安川電機,電気機器
6507.T,シンフォニアテクノロジー,電気機器
6508.T,明電舎,電気機器
6516.T,山洋電気,電気機器
6517.T,デンヨー,電気機器
6523.T,ＰＨＣホールディングス,電気機器
1301.T,極洋,水産・農林業
1332.T,ニッスイ,水産・農林業
1333.T,Ｕｍｉｏｓ,水産・農林業
1375.T,ユキグニファクトリー,水産・農林業
1377.T,サカタのタネ,水産・農林業
1379.T,ホクト,水産・農林業
1414.T,ショーボンドホールディングス,建設業
1417.T,ミライト・ワン,建設業
1419.T,タマホーム,建設業
1429.T,日本アクア,建設業
1433.T,ベステラ,建設業
1515.T,日鉄鉱業,鉱業
1518.T,三井松島ホールディングス,その他製品
1605.T,ＩＮＰＥＸ,鉱業
1662.T,石油資源開発,鉱業
1663.T,Ｋ＆Ｏエナジーグループ,鉱業
1719.T,安藤・間,建設業
1720.T,東急建設,建設業
1721.T,コムシスホールディングス,建設業
1726.T,ビーアールホールディングス,建設業
1762.T,高松コンストラクショングループ,建設業
1766.T,東建コーポレーション,建設業
1773.T,ワイ・ティー・エル・コーポレーション・バーハッド,建設業
1780.T,ヤマウラ,建設業
1786.T,オリエンタル白石,建設業
1801.T,大成建設,建設業
1802.T,大林組,建設業
1803.T,清水建設,建設業
1808.T,長谷工コーポレーション,建設業
1812.T,鹿島建設,建設業
1813.T,不動テトラ,建設業
1814.T,大末建設,建設業
1815.T,鉄建建設,建設業
1820.T,西松建設,建設業
1833.T,奥村組,建設業
1835.T,東鉄工業,建設業
1852.T,淺沼組,建設業
1860.T,戸田建設,建設業
1861.T,熊谷組,建設業
1870.T,矢作建設工業,建設業
1871.T,ピーエス・コンストラクション,建設業
1873.T,日本ハウスホールディングス,建設業
1878.T,大東建託,不動産業
1879.T,新日本建設,建設業
1882.T,東亜道路工業,建設業
1885.T,東亜建設工業,建設業
1887.T,日本国土開発,建設業
1888.T,若築建設,建設業
1893.T,五洋建設,建設業
1898.T,世紀東急工業,建設業
1899.T,福田組,建設業
1911.T,住友林業,建設業
1925.T,大和ハウス工業,建設業
1926.T,ライト工業,建設業
1928.T,積水ハウス,建設業
1929.T,日特建設,建設業
1930.T,北陸電気工事,建設業
1934.T,ユアテック,建設業
1938.T,日本リーテック,建設業
1939.T,四電工,建設業
1941.T,中電工,建設業
1942.T,関電工,建設業
1944.T,きんでん,建設業
1945.T,東京エネシス,建設業
1946.T,トーエネック,建設業
1950.T,日本電設工業,建設業
1951.T,エクシオグループ,建設業
1952.T,新日本空調,建設業
1959.T,クラフティア,建設業
1961.T,三機工業,建設業
1963.T,日揮ホールディングス,建設業
1964.T,中外炉工業,建設業
1968.T,太平電業,建設業
1969.T,高砂熱学工業,建設業
1975.T,朝日工業社,建設業
1976.T,明星工業,建設業
1979.T,大氣社,建設業
1980.T,ダイダン,建設業
1982.T,日比谷総合設備,建設業
2001.T,ニップン,食料品
2002.T,日清製粉グループ本社,食料品
2004.T,昭和産業,食料品
2053.T,中部飼料,食料品
2060.T,フィード・ワン,食料品
2108.T,日本甜菜製糖,食料品
2109.T,ＤＭ三井製糖,食料品
2117.T,ウェルネオシュガー,食料品
2120.T,ＬＩＦＵＬＬ,サービス業
2124.T,ジェイエイシーリクルートメント,サービス業
2127.T,日本Ｍ＆Ａセンターホールディングス,サービス業
2130.T,メンバーズ,サービス業
2146.T,ＵＴグループ,サービス業
2148.T,アイティメディア,サービス業
2153.T,Ｅ・Ｊホールディングス,サービス業
2154.T,オープンアップグループ,サービス業
2157.T,コシダカホールディングス,サービス業
2163.T,アルトナー,サービス業
2168.T,パソナグループ,サービス業
2170.T,リンクアンドモチベーション,サービス業
2175.T,エス・エム・エス,サービス業
2181.T,パーソルホールディングス,サービス業
2198.T,アイ・ケイ・ケイホールディングス,サービス業
2201.T,森永製菓,食料品
2206.T,江崎グリコ,食料品
2207.T,ｍｅｉｔｏ,食料品
2209.T,井村屋グループ,食料品
2211.T,不二家,食料品
2212.T,山崎製パン,食料品
2217.T,モロゾフ,食料品
2220.T,亀田製菓,食料品
2222.T,寿スピリッツ,食料品
2229.T,カルビー,食料品
2264.T,森永乳業,食料品
2266.T,六甲バター,食料品
2267.T,ヤクルト本社,食料品
2269.T,明治ホールディングス,食料品
2270.T,雪印メグミルク,食料品
2281.T,プリマハム,食料品
2282.T,日本ハム,食料品
2288.T,丸大食品,食料品
2292.T,Ｓ　Ｆｏｏｄｓ,食料品
2294.T,柿安本店,食料品
2296.T,伊藤ハム米久ホールディングス,食料品
2301.T,学情,サービス業
2325.T,ＮＪＳ,サービス業
2331.T,ＡＬＳＯＫ,サービス業
2337.T,いちご,不動産業
2353.T,日本駐車場開発,不動産業
2371.T,カカクコム,サービス業
2378.T,ルネサンス,サービス業
2379.T,ディップ,サービス業
2384.T,ＳＢＳホールディングス,陸運業
2395.T,新日本科学,サービス業
2410.T,キャリアデザインセンター,サービス業
2413.T,エムスリー,サービス業
2429.T,ワールドホールディングス,サービス業
2433.T,博報堂ＤＹホールディングス,サービス業
2461.T,ファンコミュニケーションズ,サービス業
2462.T,ライク,サービス業
2471.T,エスプール,サービス業
2475.T,ＷＤＢホールディングス,サービス業
2491.T,バリューコマース,サービス業
2492.T,インフォマート,サービス業
2501.T,サッポロホールディングス,食料品
2502.T,アサヒグループホールディングス,食料品
2503.T,キリンホールディングス,食料品
2531.T,宝ホールディングス,食料品
2533.T,オエノンホールディングス,食料品
2540.T,養命酒製造,食料品
2579.T,コカ・コーラ　ボトラーズジャパンホールディングス,食料品
2585.T,ライフドリンク　カンパニー,食料品
2587.T,サントリー食品インターナショナル,食料品
2590.T,ダイドーグループホールディングス,食料品
2593.T,伊藤園,食料品
25935.T,伊藤園第１種優先株式,食料品
2594.T,キーコーヒー,食料品
2602.T,日清オイリオグループ,食料品
2607.T,不二製油,食料品
2613.T,Ｊ－オイルミルズ,食料品
2659.T,サンエー,小売業
2664.T,カワチ薬品,小売業
2670.T,エービーシー・マート,小売業
2674.T,ハードオフコーポレーション,小売業
2676.T,高千穂交易,卸売業
2678.T,アスクル,小売業
2681.T,ゲオホールディングス,小売業
2685.T,アンドエスティＨＤ,小売業
2692.T,伊藤忠食品,卸売業
2695.T,くら寿司,小売業
2726.T,パルグループホールディングス,小売業
2730.T,エディオン,小売業
2733.T,あらた,卸売業
2734.T,サーラコーポレーション,小売業
2737.T,トーメンデバイス,卸売業
2742.T,ハローズ,小売業
2749.T,ＪＰホールディングス,サービス業
2752.T,フジオフードグループ本社,小売業
2753.T,あみやき亭,小売業
2760.T,東京エレクトロン　デバイス,卸売業
2767.T,円谷フィールズホールディングス,卸売業
2768.T,双日,卸売業
2784.T,アルフレッサ　ホールディングス,卸売業
2791.T,大黒天物産,小売業
2792.T,ハニーズホールディングス,小売業
2801.T,キッコーマン,食料品
2802.T,味の素,食料品
2804.T,ブルドックソース,食料品
2809.T,キユーピー,食料品
2810.T,ハウス食品グループ本社,食料品
2811.T,カゴメ,食料品
2815.T,アリアケジャパン,食料品
2871.T,ニチレイ,食料品
2874.T,横浜冷凍,卸売業
2875.T,東洋水産,食料品
2882.T,イートアンドホールディングス,食料品
2884.T,ヨシムラ・フード・ホールディングス,食料品
2897.T,日清食品ホールディングス,食料品
2908.T,フジッコ,食料品
2910.T,ロック・フィールド,食料品
2914.T,日本たばこ産業,食料品
2915.T,ケンコーマヨネーズ,食料品
2918.T,わらべや日洋ホールディングス,食料品
2922.T,なとり,食料品
2929.T,ファーマフーズ,食料品
2931.T,ユーグレナ,食料品
2933.T,紀文食品,食料品
2935.T,ピックルスホールディングス,食料品
2975.T,スター・マイカ・ホールディングス,不動産業
2980.T,ＳＲＥホールディングス,不動産業
2982.T,ＡＤワークスグループ,不動産業
3002.T,グンゼ,繊維製品
3003.T,ヒューリック,不動産業
3028.T,アルペン,小売業
3034.T,クオールホールディングス,小売業
3036.T,アルコニックス,卸売業
3038.T,神戸物産,卸売業
3046.T,ジンズホールディングス,小売業
3048.T,ビックカメラ,小売業
3050.T,ＤＣＭホールディングス,小売業
3064.T,ＭｏｎｏｔａＲＯ,小売業
3076.T,あい　ホールディングス,卸売業
3086.T,Ｊ．フロント　リテイリング,小売業
3087.T,ドトール・日レスホールディングス,小売業
3088.T,マツキヨココカラ＆カンパニー,小売業
3091.T,ブロンコビリー,小売業
3092.T,ＺＯＺＯ,小売業
3093.T,トレジャー・ファクトリー,小売業
3097.T,物語コーポレーション,小売業
3099.T,三越伊勢丹ホールディングス,小売業
3103.T,ユニチカ,繊維製品
3104.T,富士紡ホールディングス,繊維製品
3106.T,倉敷紡績,繊維製品
3107.T,ダイワボウホールディングス,卸売業
3109.T,シキボウ,繊維製品
3110.T,日東紡績,ガラス・土石製品
3116.T,トヨタ紡織,輸送用機器
3132.T,マクニカホールディングス,卸売業
3139.T,ラクト・ジャパン,卸売業
3148.T,クリエイトＳＤホールディングス,小売業
3150.T,グリムス,電気・ガス業
3151.T,バイタルケーエスケー・ホールディングス,卸売業
3153.T,八洲電機,卸売業
3154.T,メディアスホールディングス,卸売業
3156.T,レスター,卸売業
3167.T,ＴＯＫＡＩホールディングス,卸売業
3176.T,三洋貿易,卸売業
3179.T,シュッピン,小売業
3180.T,ビューティガレージ,卸売業
3182.T,オイシックス・ラ・大地,小売業
3183.T,ウイン・パートナーズ,卸売業
3186.T,ネクステージ,小売業
3191.T,ジョイフル本田,小売業
3193.T,エターナルホスピタリティグループ,小売業
3196.T,ホットランドホールディングス,小売業
3197.T,すかいらーくホールディングス,小売業
3198.T,ＳＦＰホールディングス,小売業
3199.T,綿半ホールディングス,小売業
3201.T,日本毛織,繊維製品
3221.T,ヨシックスホールディングス,小売業
3231.T,野村不動産ホールディングス,不動産業
3232.T,三重交通グループホールディングス,不動産業
3245.T,ディア・ライフ,不動産業
3252.T,地主,不動産業
3276.T,ＪＰＭＣ,不動産業
3284.T,フージャースホールディングス,不動産業
3288.T,オープンハウスグループ,不動産業
3289.T,東急不動産ホールディングス,不動産業
3291.T,飯田グループホールディングス,不動産業
3302.T,帝国繊維,繊維製品
3315.T,日本コークス工業,石油・石炭製品
3333.T,あさひ,小売業
3349.T,コスモス薬品,小売業
3360.T,シップヘルスケアホールディングス,卸売業
3382.T,セブン＆アイ・ホールディングス,小売業
3387.T,クリエイト・レストランツ・ホールディングス,小売業
3388.T,明治電機工業,卸売業
3391.T,ツルハホールディングス,小売業
3393.T,スターティアホールディングス,卸売業
3395.T,サンマルクホールディングス,小売業
3397.T,トリドールホールディングス,小売業
3401.T,帝人,繊維製品
3402.T,東レ,繊維製品
3415.T,ＴＯＫＹＯ　ＢＡＳＥ,小売業
3431.T,宮地エンジニアリンググループ,金属製品
3433.T,トーカロ,金属製品
3436.T,ＳＵＭＣＯ,金属製品
3443.T,川田テクノロジーズ,金属製品
3445.T,ＲＳ　Ｔｅｃｈｎｏｌｏｇｉｅｓ,金属製品
3457.T,Ａｎｄ　Ｄｏホールディングス,不動産業
3465.T,ケイアイスター不動産,不動産業
3475.T,グッドコムアセット,不動産業
3480.T,ジェイ・エス・ビー,不動産業
3482.T,ロードスターキャピタル,不動産業
3486.T,グローバル・リンク・マネジメント,不動産業
3496.T,アズーム,不動産業
3498.T,霞ヶ関キャピタル,不動産業
3501.T,ＳＵＭＩＮＯＥ,繊維製品
3539.T,ＪＭホールディングス,小売業
3543.T,コメダホールディングス,卸売業
3546.T,アレンザホールディングス,小売業
3548.T,バロックジャパンリミテッド,小売業
3549.T,クスリのアオキホールディングス,小売業
3561.T,力の源ホールディングス,小売業
3563.T,ＦＯＯＤ　＆　ＬＩＦＥ　ＣＯＭＰＡＮＩＥＳ,小売業
3569.T,セーレン,繊維製品
3580.T,小松マテーレ,繊維製品
3591.T,ワコールホールディングス,繊維製品
3593.T,ホギメディカル,繊維製品
3608.T,ＴＳＩホールディングス,繊維製品
3612.T,ワールド,繊維製品
3708.T,特種東海製紙,パルプ・紙
3861.T,王子ホールディングス,パルプ・紙
3863.T,日本製紙,パルプ・紙
3864.T,三菱製紙,パルプ・紙
3865.T,北越コーポレーション,パルプ・紙
3877.T,中越パルプ工業,パルプ・紙
3880.T,大王製紙,パルプ・紙
3941.T,レンゴー,パルプ・紙
3946.T,トーモク,パルプ・紙
3950.T,ザ・パック,パルプ・紙
4151.T,協和キリン,医薬品
4290.T,プレステージ・インターナショナル,サービス業
4301.T,アミューズ,サービス業
4310.T,ドリームインキュベータ,サービス業
4318.T,クイック,サービス業
4324.T,電通グループ,サービス業
4331.T,テイクアンドギヴ・ニーズ,サービス業
4337.T,ぴあ,サービス業
4343.T,イオンファンタジー,サービス業
4345.T,シーティーエス,サービス業
4502.T,武田薬品工業,医薬品
4503.T,アステラス製薬,医薬品
4506.T,住友ファーマ,医薬品
4507.T,塩野義製薬,医薬品
4516.T,日本新薬,医薬品
4519.T,中外製薬,医薬品
4521.T,科研製薬,医薬品
4523.T,エーザイ,医薬品
4526.T,理研ビタミン,食料品
4527.T,ロート製薬,医薬品
4528.T,小野薬品工業,医薬品
4530.T,久光製薬,医薬品
4534.T,持田製薬,医薬品
4536.T,参天製薬,医薬品
4538.T,扶桑薬品工業,医薬品
4540.T,ツムラ,医薬品
4544.T,Ｈ．Ｕ．グループホールディングス,サービス業
4547.T,キッセイ薬品工業,医薬品
4548.T,生化学工業,医薬品
4549.T,栄研化学,医薬品
5074.T,テスホールディングス,建設業
5076.T,インフロニア・ホールディングス,建設業
50765.T,インフロニア・ホールディングス第１回社債型種類株式,建設業
5830.T,いよぎんホールディングス,銀行業
5831.T,しずおかフィナンシャルグループ,銀行業
5832.T,ちゅうぎんフィナンシャルグループ,銀行業
5838.T,楽天銀行,銀行業
5844.T,京都フィナンシャルグループ,銀行業
6330.T,東洋エンジニアリング,建設業
6379.T,レイズネクスト,建設業
7128.T,ユニソルホールディングス,卸売業
7130.T,ヤマエグループホールディングス,卸売業
7157.T,ライフネット生命保険,保険業
7167.T,めぶきフィナンシャルグループ,銀行業
7173.T,東京きらぼしフィナンシャルグループ,銀行業
7180.T,九州フィナンシャルグループ,銀行業
7181.T,かんぽ生命保険,保険業
7182.T,ゆうちょ銀行,銀行業
7184.T,富山第一銀行,銀行業
7186.T,横浜フィナンシャルグループ,銀行業
7189.T,西日本フィナンシャルホールディングス,銀行業
7322.T,三十三フィナンシャルグループ,銀行業
7327.T,第四北越フィナンシャルグループ,銀行業
7337.T,ひろぎんホールディングス,銀行業
7350.T,おきなわフィナンシャルグループ,銀行業
7380.T,十六フィナンシャルグループ,銀行業
7381.T,ＣＣＩグループ,銀行業
7384.T,プロクレアホールディングス,銀行業
7388.T,ＦＰパートナー,保険業
7389.T,あいちフィナンシャルグループ,銀行業
7414.T,小野建,卸売業
7433.T,伯東,卸売業
7438.T,コンドーテック,卸売業
7447.T,ナガイレーベン,卸売業
7456.T,松田産業,卸売業
7458.T,第一興商,卸売業
7459.T,メディパルホールディングス,卸売業
7466.T,ＳＰＫ,卸売業
7476.T,アズワン,卸売業
7482.T,シモジマ,卸売業
7483.T,ドウシシャ,卸売業
7504.T,高速,卸売業
7510.T,たけびし,卸売業
7525.T,リックス,卸売業
7537.T,丸文,卸売業
7552.T,ハピネット,卸売業
7575.T,日本ライフライン,卸売業
7599.T,ＩＤＯＭ,卸売業
7607.T,進和,卸売業
7609.T,ダイトロン,卸売業
7613.T,シークス,卸売業
7628.T,オーハシテクニカ,卸売業
7637.T,白銅,卸売業
8001.T,伊藤忠商事,卸売業
8002.T,丸紅,卸売業
8007.T,高島,卸売業
8012.T,長瀬産業,卸売業
8014.T,蝶理,卸売業
8015.T,豊田通商,卸売業
8020.T,兼松,卸売業
8031.T,三井物産,卸売業
8032.T,日本紙パルプ商事,卸売業
8037.T,カメイ,卸売業
8043.T,スターゼン,卸売業
8051.T,山善,卸売業
8052.T,椿本興業,卸売業
8053.T,住友商事,卸売業
8057.T,内田洋行,卸売業
8058.T,三菱商事,卸売業
8059.T,第一実業,卸売業
8060.T,キヤノンマーケティングジャパン,卸売業
8061.T,西華産業,卸売業
8065.T,佐藤商事,卸売業
8070.T,東京産業,卸売業
8074.T,ユアサ商事,卸売業
8075.T,神鋼商事,卸売業
8078.T,阪和興業,卸売業
8079.T,正栄食品工業,卸売業
8081.T,カナデン,卸売業
8084.T,ＲＹＯＤＥＮ,卸売業
8088.T,岩谷産業,卸売業
8091.T,ニチモウ,卸売業
8093.T,極東貿易,卸売業
8095.T,アステナホールディングス,卸売業
8097.T,三愛オブリ,卸売業
8098.T,稲畑産業,卸売業
8101.T,ＧＳＩクレオス,卸売業
8103.T,明和産業,卸売業
8125.T,ワキタ,卸売業
8129.T,東邦ホールディングス,卸売業
8130.T,サンゲツ,卸売業
8132.T,シナネンホールディングス,卸売業
8133.T,伊藤忠エネクス,卸売業
8136.T,サンリオ,卸売業
8137.T,サンワテクノス,卸売業
8141.T,新光商事,卸売業
8142.T,トーホー,卸売業
8150.T,三信電気,卸売業
8151.T,東陽テクニカ,卸売業
8153.T,モスフードサービス,卸売業
8154.T,加賀電子,卸売業
8158.T,ソーダニッカ,卸売業
8159.T,立花エレテック,卸売業
8283.T,ＰＡＬＴＡＣ,卸売業
8303.T,ＳＢＩ新生銀行,銀行業
8304.T,あおぞら銀行,銀行業
8306.T,三菱ＵＦＪフィナンシャル・グループ,銀行業
8308.T,りそなホールディングス,銀行業
8309.T,三井住友トラストグループ,銀行業
8316.T,三井住友フィナンシャルグループ,銀行業
8331.T,千葉銀行,銀行業
8334.T,群馬銀行,銀行業
8336.T,武蔵野銀行,銀行業
8337.T,千葉興業銀行,銀行業
8338.T,筑波銀行,銀行業
8341.T,七十七銀行,銀行業
8343.T,秋田銀行,銀行業
8344.T,山形銀行,銀行業
8345.T,岩手銀行,銀行業
8346.T,東邦銀行,銀行業
8354.T,ふくおかフィナンシャルグループ,銀行業
8358.T,スルガ銀行,銀行業
8359.T,八十二長野銀行,銀行業
8360.T,山梨中央銀行,銀行業
8361.T,大垣共立銀行,銀行業
8362.T,福井銀行,銀行業
8364.T,清水銀行,銀行業
8366.T,滋賀銀行,銀行業
8367.T,南都銀行,銀行業
8368.T,百五銀行,銀行業
8370.T,紀陽銀行,銀行業
8377.T,ほくほくフィナンシャルグループ,銀行業
8381.T,山陰合同銀行,銀行業
8386.T,百十四銀行,銀行業
8387.T,四国銀行,銀行業
8388.T,阿波銀行,銀行業
8392.T,大分銀行,銀行業
8393.T,宮崎銀行,銀行業
8395.T,佐賀銀行,銀行業
8399.T,琉球銀行,銀行業
8410.T,セブン銀行,銀行業
8411.T,みずほフィナンシャルグループ,銀行業
8418.T,山口フィナンシャルグループ,銀行業
8522.T,名古屋銀行,銀行業
8524.T,北洋銀行,銀行業
8541.T,愛媛銀行,銀行業
8544.T,京葉銀行,銀行業
8550.T,栃木銀行,銀行業
8551.T,北日本銀行,銀行業
8558.T,東和銀行,銀行業
8600.T,トモニホールディングス,銀行業
8630.T,ＳＯＭＰＯホールディングス,保険業
8713.T,フィデアホールディングス,銀行業
8714.T,池田泉州ホールディングス,銀行業
8715.T,アニコム　ホールディングス,保険業
8725.T,ＭＳ＆ＡＤインシュアランスグループホールディングス,保険業
8729.T,ソニーフィナンシャルグループ,保険業
8750.T,第一生命ホールディングス,保険業
8766.T,東京海上ホールディングス,保険業
8795.T,Ｔ＆Ｄホールディングス,保険業
8798.T,アドバンスクリエイト,保険業
9101.T,日本郵船,海運業
9104.T,商船三井,海運業
9107.T,川崎汽船,海運業
9110.T,ＮＳユナイテッド海運,海運業
9119.T,飯野海運,海運業
9273.T,コーア商事ホールディングス,卸売業
9274.T,ＫＰＰグループホールディングス,卸売業
9305.T,ヤマタネ,卸売業
9824.T,泉州電業,卸売業
9830.T,トラスコ中山,卸売業
9832.T,オートバックスセブン,卸売業
9837.T,モリト,卸売業
9869.T,加藤産業,卸売業
9882.T,イエローハット,卸売業
9902.T,日伝,卸売業
9932.T,杉本商事,卸売業
9934.T,因幡電機産業,卸売業
9960.T,東テク,卸売業
9962.T,ミスミグループ本社,卸売業
9987.T,スズケン,卸売業
9991.T,ジェコス,卸売業
9565.T,ＧＬＯＥ,サービス業
9563.T,Ａｔｌａｓ　Ｔｅｃｈｎｏｌｏｇｉｅｓ,サービス業
9562.T,ビジネスコーチ,サービス業
9561.T,グラッドキューブ,サービス業
9560.T,プログリット,サービス業
9558.T,ジャパニアス,サービス業
9557.T,エアークローゼット,サービス業
9556.T,ＩＮＴＬＯＯＰ,サービス業
9554.T,ＡＶｉＣ,サービス業
9553.T,マイクロアド,サービス業
9467.T,アルファポリス,情報・通信業
9348.T,ｉｓｐａｃｅ,サービス業
9346.T,ココルポート,サービス業
9345.T,ビズメイツ,サービス業
9344.T,アクシスコンサルティング,サービス業
9343.T,アイビス,サービス業
9342.T,スマサポ,サービス業
9338.T,ＩＮＦＯＲＩＣＨ,サービス業
9337.T,トリドリ,サービス業
9331.T,キャスター,サービス業
9330.T,揚羽,サービス業
9326.T,関通,倉庫・運輸関連業
9272.T,ブティックス,サービス業
9271.T,和心,小売業
9270.T,バリュエンスホールディングス,卸売業
9259.T,タカヨシホールディングス,サービス業
9258.T,ＣＳ－Ｃ,サービス業
9257.T,ＹＣＰホールディングス（グローバル）リミテッド　ＪＤＲ,サービス業
9256.T,サクシード,サービス業
9254.T,ラバブルマーケティンググループ,サービス業
9253.T,スローガン,サービス業
9252.T,ラストワンマイル,サービス業
9251.T,ＡＢ＆Ｃｏｍｐａｎｙ,サービス業
9250.T,ＧＲＣＳ,サービス業
9246.T,プロジェクトホールディングス,サービス業
9245.T,リベロ,サービス業
9244.T,デジタリフト,サービス業
9242.T,メディア総研,サービス業
9241.T,フューチャーリンクネットワーク,サービス業
9240.T,デリバリーコンサルティング,サービス業
9238.T,バリュークリエーション,サービス業
9237.T,笑美面,サービス業
9236.T,ジャパンＭ＆Ａソリューション,サービス業
9235.T,売れるネット広告社グループ,サービス業
9227.T,マイクロ波化学,サービス業
9225.T,ブリッジコンサルティンググループ,サービス業
9223.T,ＡＳＮＯＶＡ,サービス業
9219.T,ギックス,サービス業
9218.T,メンタルヘルステクノロジーズ,サービス業
9215.T,ＣａＳｙ,サービス業
9214.T,Ｒｅｃｏｖｅｒｙ　Ｉｎｔｅｒｎａｔｉｏｎａｌ,サービス業
9212.T,Ｇｒｅｅｎ　Ｅａｒｔｈ　Ｉｎｓｔｉｔｕｔｅ,サービス業
9211.T,エフ・コード,サービス業
9204.T,スカイマーク,空運業
9168.T,ライズ・コンサルティング・グループ,サービス業
9166.T,ＧＥＮＤＡ,サービス業
9165.T,クオルテック,サービス業
9163.T,ナレルグループ,サービス業
9162.T,ブリーチ,サービス業
9159.T,Ｗ　ＴＯＫＹＯ,サービス業
9158.T,シーユーシー,サービス業
8938.T,グローム・ホールディングス,不動産業
7806.T,ＭＴＧ,その他製品
7803.T,ブシロード,その他製品
7794.T,イーディーピー,その他製品
7793.T,イメージ・マジック,その他製品
7792.T,コラントッテ,その他製品
7779.T,ＣＹＢＥＲＤＹＮＥ,精密機器
7777.T,スリー・ディー・マトリックス,精密機器
7776.T,セルシード,精密機器
7774.T,ジャパン・ティッシュエンジニアリング,精密機器
7707.T,プレシジョン・システム・サイエンス,精密機器
7699.T,オムニ・プラス・システム・リミテッド　ＪＤＲ,卸売業
7695.T,交換できるくん,小売業
7694.T,いつも,小売業
7689.T,コパ・コーポレーション,卸売業
7687.T,ミクリード,卸売業
7685.T,ＢｕｙＳｅｌｌ　Ｔｅｃｈｎｏｌｏｇｉｅｓ,卸売業
7674.T,ＮＡＴＴＹ　ＳＷＡＮＫＹホールディングス,小売業
7409.T,ＡｅｒｏＥｄｇｅ,輸送用機器
7378.T,アシロ,サービス業
7376.T,ＢＣＣ,サービス業
7375.T,リファインバースグループ,サービス業
7374.T,コンフィデンス・インターワークス,サービス業
7373.T,アイドマ・ホールディングス,サービス業
7372.T,デコルテ・ホールディングス,サービス業
7371.T,Ｚｅｎｋｅｎ,サービス業
7370.T,Ｅｎｊｉｎ,サービス業
7369.T,メイホーホールディングス,サービス業
7363.T,ベビーカレンダー,サービス業
7362.T,Ｔ．Ｓ．Ｉ,サービス業
7361.T,ヒューマンクリエイションホールディングス,サービス業
7360.T,オンデック,サービス業
7359.T,東京通信グループ,サービス業
7356.T,Ｒｅｔｔｙ,サービス業
7353.T,ＫＩＹＯラーニング,サービス業
7352.T,ＴＷＯＳＴＯＮＥ＆Ｓｏｎｓ,サービス業
7351.T,グッドパッチ,サービス業
7345.T,アイ・パートナーズフィナンシャル,その他金融業
7343.T,ブロードマインド,保険業
7326.T,ＳＢＩインシュアランスグループ,保険業
7325.T,アイリックコーポレーション,保険業
7320.T,Ｓｏｌｖｖｙ,その他金融業
7318.T,セレンディップ・ホールディングス,輸送用機器
7317.T,松屋アールアンドディ,輸送用機器
7140.T,ペットゴー,小売業
7138.T,ＴＯＲＩＣＯ,小売業
7133.T,ＨＹＵＧＡ　ＰＲＩＭＡＲＹ　ＣＡＲＥ,小売業
7119.T,ハルメクホールディングス,小売業
7114.T,フーディソン,卸売業
7112.T,キューブ,小売業
7110.T,クラシコム,小売業
7097.T,さくらさくプラス,サービス業
7096.T,ステムセル研究所,サービス業
7094.T,ＮｅｘＴｏｎｅ,サービス業
7093.T,アディッシュ,サービス業
7091.T,リビングプラットフォーム,サービス業
7090.T,リグア,サービス業
